{
  "onboardingPage": {
    "path": "assets/Materials/01-Onboarding Page",
    "images": [
      "assets/Materials/01-Onboarding Page/Onboarding 1.png",
      "assets/Materials/01-Onboarding Page/Onboarding 2.png",
      "assets/Materials/01-Onboarding Page/Onboarding 3.png"
    ]
  },
  "signInPage": {
    "path": "assets/Materials/02-Sign in Page",
    "images": [
      "assets/Materials/02-Sign in Page/eye-off.png",
      "assets/Materials/02-Sign in Page/google 1.png",
      "assets/Materials/02-Sign in Page/vuesax_bold_apple.png"
    ]
  },
  "signUpPage": {
    "path": "assets/Materials/05-Sign up Page",
    "images": []
  },
  "explorePage": {
    "path": "assets/Materials/06-Explore Page",
    "images": [
      "assets/Materials/06-Explore Page/Group 10117.png",
      "assets/Materials/06-Explore Page/Group 10118.png",
      "assets/Materials/06-Explore Page/Group 10127.png",
      "assets/Materials/06-Explore Page/image-1-3.png",
      "assets/Materials/06-Explore Page/image-1.png",
      "assets/Materials/06-Explore Page/image-13.png",
      "assets/Materials/06-Explore Page/image-14.png",
      "assets/Materials/06-Explore Page/image-4.png",
      "assets/Materials/06-Explore Page/Maps _ 1.png",
      "assets/Materials/06-Explore Page/Maps _ map-pin-2-fill.png",
      "assets/Materials/06-Explore Page/pexels-photo-221457 1.png",
      "assets/Materials/06-Explore Page/profile-1 copy.png",
      "assets/Materials/06-Explore Page/Rectangle 783.png",
      "assets/Materials/06-Explore Page/Rectangle 784.png",
      "assets/Materials/06-Explore Page/Rectangle 785.png",
      "assets/Materials/06-Explore Page/Rectangle 786.png",
      "assets/Materials/06-Explore Page/search.png",
      "assets/Materials/06-Explore Page/star.png",
      "assets/Materials/06-Explore Page/Systems _ heart-fill.png"
    ]
  },
  "myBookingPage": {
    "path": "assets/Materials/07-My Booking Page",
    "images": []
  },
  "accountPage": {
    "path": "assets/Materials/09-Account Page",
    "images": []
  },
  "hotelDetailPage": {
    "path": "assets/Materials/10-Hotel Detail Page",
    "images": [
      "assets/Materials/10-Hotel Detail Page/Frame -1.png",
      "assets/Materials/10-Hotel Detail Page/Frame -2.png",
      "assets/Materials/10-Hotel Detail Page/Frame 1.png",
      "assets/Materials/10-Hotel Detail Page/Frame 2.png",
      "assets/Materials/10-Hotel Detail Page/Frame 3.png",
      "assets/Materials/10-Hotel Detail Page/Frame 4.png",
      "assets/Materials/10-Hotel Detail Page/image-1-3.png",
      "assets/Materials/10-Hotel Detail Page/image-1-5.png",
      "assets/Materials/10-Hotel Detail Page/image-1.png",
      "assets/Materials/10-Hotel Detail Page/image-13.png",
      "assets/Materials/10-Hotel Detail Page/image-14.png",
      "assets/Materials/10-Hotel Detail Page/profile-1 copy.png",
      "assets/Materials/10-Hotel Detail Page/profile-1.png",
      "assets/Materials/10-Hotel Detail Page/profile-2 copy.png",
      "assets/Materials/10-Hotel Detail Page/profile-3 copy.png",
      "assets/Materials/10-Hotel Detail Page/profile-4 copy.png",
      "assets/Materials/10-Hotel Detail Page/Vector.png"
    ]
  },
  "selectRoomPage": {
    "path": "assets/Materials/11-Select Room Page",
    "images": []
  },
  "bookingSuccessPage": {
    "path": "assets/Materials/12-Booking success Page",
    "images": []
  },
  "allReviewsPage": {
    "path": "assets/Materials/13-All Reviews Page",
    "images": []
  },
  "mapPage": {
    "path": "assets/Materials/14-Map Page",
    "images": [
      "assets/Materials/14-Map Page/4.png",
      "assets/Materials/14-Map Page/Group 292.png",
      "assets/Materials/14-Map Page/image-4.png",
      "assets/Materials/14-Map Page/profile-1.png"
    ]
  },
  "searchPage": {
    "path": "assets/Materials/15-Search Page",
    "images": [
      "assets/Materials/15-Search Page/$BJYZA(QEGD2)O(6$@Y5~7Q.png",
      "assets/Materials/15-Search Page/image-1.png",
      "assets/Materials/15-Search Page/image-2.png",
      "assets/Materials/15-Search Page/image-3.png",
      "assets/Materials/15-Search Page/image-4.png",
      "assets/Materials/15-Search Page/map-pin.png"
    ]
  },
  "logo": {
    "path": "assets/Materials/LOGO",
    "images": [
      "assets/Materials/LOGO/120x120.png",
      "assets/Materials/LOGO/20x20 (1).png",
      "assets/Materials/LOGO/29x29.png",
      "assets/Materials/LOGO/40x40.png",
      "assets/Materials/LOGO/80x80.png"
    ]
  }
}
